{"cameraMode":{"drawMode":0,"name":"Shaded","section":"Shading Mode"},"sceneLighting":true,"audioPlay":false,"sceneViewState":{"m_AlwaysRefresh":false,"showFog":true,"showSkybox":true,"showFlares":true,"showImageEffects":true,"showParticleSystems":true,"showVisualEffectGraphs":true,"m_FxEnabled":true},"in2DMode":false,"pivot":{"x":652.297119140625,"y":260.12664794921877,"z":-2.03887939453125},"rotation":{"x":0.02069845050573349,"y":0.002998988376930356,"z":-0.00006175643648020923,"w":0.9997854828834534},"size":345.3100891113281,"orthographic":true}